[{"name":"theme_info","logo":"https:\/\/cdn.shopify.com\/s\/files\/1\/2300\/9895\/files\/uniqlo_medium.png?v=1503999881","settings":[{"type":"paragraph","content":"v3.0.5"},{"type":"paragraph","content":"Theme settings allow designers to provide an easy way for any user to customize the look and feel of their shop without having to delve into HTML or CSS code. Please see our [help page on theme settings](http:\/\/docs.shopify.com\/themes\/theme-templates\/settings) to learn more about how you can make the theme customizable."},{"type":"paragraph","content":"If you have any questions, please do not hesitate to use our support forum. [Create Support](https:\/\/devitems.com\/support-center\/)"}]},{"name":"Layout","settings":[{"type":"checkbox","id":"enable_rtl","label":"RTL Enable"}]},{"name":"Body","settings":[{"type":"image_picker","id":"body_bg_img","label":"Body BG Image"}]},{"name":"Wrapper","settings":[{"type":"radio","id":"wrapper_handle","label":"Wrapper Style","info":"When Select 'Header Style Sidebar' then Wrapper Style position must be 'Default Style'","options":[{"value":"wrapper_box","label":"Box Style (Extra Large Box)"},{"value":"wrapper_box_2","label":"Box Style (Large Box)"},{"value":"wrapper_full","label":"Default Style"}],"default":"wrapper_full"}]},{"name":"Header","settings":[{"type":"header","content":"Favicon Icon"},{"type":"checkbox","id":"favicon_enable","label":"Use custom icon"},{"type":"image","id":"favicon.png","label":"Icon","max-width":32,"max-height":32,"info":"32 x 32px .png required"},{"type":"header","content":"Header"},{"type":"text","id":"menu_font_size","label":"Menu Font Size","default":"14"},{"type":"radio","id":"menu_font_weight","label":"Menu Font Weight","options":[{"label":"300","value":"300"},{"label":"400","value":"400"},{"label":"500","value":"500"},{"label":"600","value":"600"},{"label":"700","value":"700"}],"default":"400"},{"type":"radio","id":"header_style","label":"Header Style","options":[{"label":"Logo Left","value":"header_one"},{"label":"Logo Center","value":"header_two"},{"label":"Sidebar","value":"header_three"}],"default":"header_one"},{"type":"radio","id":"header_style_option","label":"Header Style Options","options":[{"label":"Header Transparent","value":"header_1"},{"label":"Header Transparent Color White","value":"header_2"},{"label":"Header Non Transparent","value":"header_3"}],"default":"header_1"}]},{"name":"Colors","settings":[{"type":"header","content":"General colors"},{"type":"color","id":"theme_color","label":"Primary","default":"#ff4136"}]},{"name":"Google Analytics","settings":[{"type":"header","content":"Google Analytics"},{"type":"checkbox","id":"google_analytic_enable","label":"Enable Google Analytics","default":true},{"type":"text","id":"google_tracking_id","label":"Tracking Id","default":"UA-91020528-1","info":"Get Tracking Id [here](https:\/\/analytics.google.com\/)"}]},{"name":"Preloader","settings":[{"type":"header","content":"Preloader Settings"},{"type":"checkbox","id":"enable_preloader","label":"Preloader Enable","default":false},{"type":"select","id":"preloader_style","label":"Preloader Style","options":[{"value":"Style_1","label":"Style 1"},{"value":"Style_2","label":"Style 2"},{"value":"Style_3","label":"Style 3"},{"value":"Style_4","label":"Style 4"},{"value":"Style_5","label":"Style 5"},{"value":"Style_6","label":"Style 6"},{"value":"Style_7","label":"Style 7"},{"value":"Style_8","label":"Style 8"},{"value":"Style_9","label":"Style 9"},{"value":"Style_10","label":"Style 10"},{"value":"Style_11","label":"Style 11"},{"value":"Style_12","label":"Style 12"},{"value":"Style_13","label":"Style 13"},{"value":"Style_14","label":"Style 14"},{"value":"Style_15","label":"Style 15"},{"value":"Style_16","label":"Style 16"},{"value":"Style_17","label":"Style 17"},{"value":"Style_18","label":"Style 18"},{"value":"Style_19","label":"Style 19"}],"default":"Style_15"},{"type":"color","id":"preloader_bg","label":"Preloader Background","default":"#ffffff"},{"type":"color","id":"preloader_color","label":"Effect Color","default":"#FF7F00"},{"type":"paragraph","content":"Border color and border width need to be ( Style 3, Style 4, Style 17, Style 18, Style 20 )"},{"type":"paragraph","content":"When you would use border color when Effect color to be transparent"},{"type":"color","id":"preloader_border_color","label":"Border Color","default":"#ffffff"},{"type":"text","id":"preloader_border_width","label":"Border Width","default":"4px"}]},{"name":"Newsletter","settings":[{"type":"header","content":"Newsletter"},{"type":"textarea","id":"newsletter_action","label":"MailChimp form action URL","info":"[Where do I find my MailChimp form action URL?](http:\/\/docs.shopify.com\/support\/configuration\/store-customization\/where-do-i-get-my-mailchimp-form-action)"},{"type":"text","id":"email_placeholder","label":"Email Placeholer","default":"Your email address"},{"type":"text","id":"button_name","label":"Button Name","default":"Subscribe"},{"type":"header","content":"Newsletter Popup"},{"type":"checkbox","id":"newsletter_popup_enable","label":"Newsletter Popup Enable"},{"type":"checkbox","id":"one_day_popup_enable","label":"Show Popup one time for per day","default":true},{"type":"text","id":"newletter_popup_title","label":"Newsletter Popup Title","default":"Newletter"},{"type":"textarea","id":"newsletter_text","label":"Newsletter Description","default":"Join over 1,000 people who get free and fresh content delivered automatically each time we publish"},{"type":"text","id":"newsletter_button_name","label":"Newsletter Popup Button Name","default":"Subscribe"},{"type":"image_picker","id":"newsletter_img","label":"Newsletter BG Image"},{"type":"color","id":"popup_newsletter_title_color","label":"Title Color","default":"#434343"},{"type":"color","id":"popup_newsletter_description_color","label":"Description Color","default":"#999"},{"type":"color","id":"input_fild_color","label":"Input Fild\/Text Color","default":"#ddd"},{"type":"color","id":"popup_newsletter_button_bg_color","label":"Button BG Color","default":"#FF4136"},{"type":"color","id":"popup_newsletter_button_color","label":"Button Text Color","default":"#fff"},{"type":"color","id":"close_icon_color","label":"Close Icon Color","default":"#FF4136"}]},{"name":"Currency","settings":[{"type":"paragraph","content":"To offer multiple currencies on your online store, you must first [edit your store's currency formatting](https:\/\/help.shopify.com\/manual\/using-themes\/troubleshooting\/help-script-find-money-formats)."},{"type":"paragraph","content":"Use the Country's ISO [Currency Code](http:\/\/www.xe.com\/iso4217.php)."},{"type":"textarea","id":"supported_currencies","label":"Supported currencies","default":"USD, USD - US Dollar | EUR, EUR - Euro | GBP, GBP - British Pound","info":"Ex: USD, USD - US Dollar | EUR, EUR - Euro | GBP, GBP - British Pound | INR, INR - Indian Rupee"}]},{"name":"Top Bar Notification","settings":[{"type":"header","content":"Top Bar Notification"},{"type":"checkbox","id":"topbar_notification_enable","label":"Top Bar Notification","default":true},{"type":"text","id":"notification_text","label":"Notification Text","default":"All Featured Product 50% off"},{"type":"text","id":"notification_button_name","label":"Button Name","default":"Buy Now"},{"type":"url","id":"notification_button_url","label":"Button Link"},{"type":"image_picker","id":"notification_bg_image","label":"BG Image"},{"type":"color","id":"notification_text_color","label":"Notification Text Color","default":"#fff"},{"type":"color","id":"topbar_color_1","label":"BG Grdian Color One","default":"#f3f3f3"},{"type":"color","id":"topbar_color_2","label":"BG Grdian Color Tow","default":"#666666"},{"type":"text","id":"notification_overlay_rgb_color","label":"Overlay RGB Color","info":"Ex: R, G, B [See Color](https:\/\/www.w3schools.com\/colors\/colors_picker.asp)","default":"0, 0, 0"},{"type":"range","id":"notification_overlay_opacity","min":0,"max":1,"step":0.1,"label":"Overlay Color Opacity","default":0.6},{"type":"header","content":"Shop Button"},{"type":"color","id":"notificaction_button_bg_color","label":"Button BG Color","default":"#666666"},{"type":"color","id":"notificaction_button_border_color","label":"Button Border","default":"#666666"},{"type":"color","id":"notificaction_button_color","label":"Button Text Color","default":"#ffffff"},{"type":"color","id":"notificaction_button_hover_bg_color","label":"Button Hover BG Color","default":"#999"},{"type":"color","id":"notificaction_button_hover_border_color","label":"Button Hover Border Color","default":"#999"},{"type":"color","id":"notificaction_button_hover_color","label":"Button Hover Text Color","default":"#fff"},{"type":"header","content":"Close Button"},{"type":"color","id":"notificaction_close_button_bg_color","label":"Button BG Color"},{"type":"color","id":"notificaction_close_button_border_color","label":"Button Border","default":"#fff"},{"type":"color","id":"notificaction_close_button_color","label":"Button Color","default":"#fff"},{"type":"color","id":"notificaction_close_button_hover_bg_color","label":"Button Hover BG Color","default":"#fff"},{"type":"color","id":"notificaction_close_button_hover_border_color","label":"Button Hover Border Color","default":"#fff"},{"type":"color","id":"notificaction_close_button_hover_color","label":"Button Hover Color","default":"#232323"}]},{"name":"Social Media","settings":[{"type":"header","content":"Icon With Link"},{"type":"text","id":"social_icon_1_name","label":"Social Icon Name","default":"google-plus","info":"Material Design Icon [See Icon](http:\/\/zavoloklom.github.io\/material-design-iconic-font\/icons.html#social)"},{"type":"url","id":"socila_icon_1_link","label":"Link"},{"type":"header","content":"Icon With Link"},{"type":"text","id":"social_icon_2_name","label":"Social Icon Name","default":"facebook","info":"Material Design Icon [See Icon](http:\/\/zavoloklom.github.io\/material-design-iconic-font\/icons.html#social)"},{"type":"url","id":"socila_icon_2_link","label":"Link"},{"type":"header","content":"Icon With Link"},{"type":"text","id":"social_icon_3_name","label":"Social Icon Name","default":"twitter","info":"Material Design Icon [See Icon](http:\/\/zavoloklom.github.io\/material-design-iconic-font\/icons.html#social)"},{"type":"url","id":"socila_icon_3_link","label":"Link"},{"type":"header","content":"Icon With Link"},{"type":"text","id":"social_icon_4_name","label":"Social Icon Name","default":"linkedin","info":"Material Design Icon [See Icon](http:\/\/zavoloklom.github.io\/material-design-iconic-font\/icons.html#social)"},{"type":"url","id":"socila_icon_4_link","label":"Link"},{"type":"header","content":"Icon With Link"},{"type":"text","id":"social_icon_5_name","label":"Social Icon Name","info":"Material Design Icon [See Icon](http:\/\/zavoloklom.github.io\/material-design-iconic-font\/icons.html#social)"},{"type":"url","id":"socila_icon_5_link","label":"Link"},{"type":"header","content":"Icon With Link"},{"type":"text","id":"social_icon_6_name","label":"Social Icon Name","info":"Material Design Icon [See Icon](http:\/\/zavoloklom.github.io\/material-design-iconic-font\/icons.html#social)"},{"type":"url","id":"socila_icon_6_link","label":"Link"},{"type":"header","content":"Icon With Link"},{"type":"text","id":"social_icon_7_name","label":"Social Icon Name","info":"Material Design Icon [See Icon](http:\/\/zavoloklom.github.io\/material-design-iconic-font\/icons.html#social)"},{"type":"url","id":"socila_icon_7_link","label":"Link"}]},{"name":"Breadcrumb Banner","settings":[{"type":"checkbox","id":"breadcrumb_banner_enable","label":"Show Breadcrumb Banner","default":true},{"type":"image_picker","id":"breadcrumb_banner_image","label":"Breadcrumb Banner Image","info":"Recommended Size: 1920 X 320px"},{"type":"color","id":"breadcrumb_banner_bg","label":"Banner Banner BG Color","default":"#f6f6f6"},{"type":"color","id":"breadcurmb_title_color","label":"Breadcrumb Title Color","default":"#343434"},{"type":"color","id":"breadcurmb_page_title_color","label":"Breadcrumb Page Title Color","default":"#343434"},{"type":"color","id":"active_breadcurmb_page_title_color","label":"Active Breadcrumb Page Title Color","default":"#343434"}]},{"name":"Collection Sidebar","settings":[{"type":"header","content":"Categories"},{"type":"text","id":"categories_title","label":"Categories Title","default":"Categories"},{"type":"select","id":"categories_list_limit_hanlde","label":"How Many Categories Show","options":[{"label":"5","value":"5"},{"label":"6","value":"6"},{"label":"7","value":"7"},{"label":"8","value":"8"},{"label":"9","value":"9"},{"label":"10","value":"10"},{"label":"Unlimited","value":"100"}],"default":"5"},{"type":"header","content":"Vendors"},{"type":"text","id":"vendors_title","label":"Vendors Title","default":"Vendors"},{"type":"select","id":"vendors_list_limit_hanlde","label":"How Many Vendors Show","options":[{"label":"5","value":"5"},{"label":"6","value":"6"},{"label":"7","value":"7"},{"label":"8","value":"8"},{"label":"9","value":"9"},{"label":"10","value":"10"},{"label":"Unlimited","value":"100"}],"default":"5"},{"type":"header","content":"Types"},{"type":"text","id":"types_title","label":"Types Title","default":"Products Types"},{"type":"select","id":"types_list_limit_hanlde","label":"How Many Types Show","options":[{"label":"5","value":"5"},{"label":"6","value":"6"},{"label":"7","value":"7"},{"label":"8","value":"8"},{"label":"9","value":"9"},{"label":"10","value":"10"},{"label":"Unlimited","value":"100"}],"default":"5"},{"type":"header","content":"Size"},{"type":"text","id":"size_title","label":"Size Title","default":"Size"},{"type":"textarea","id":"size_picker","label":"Put your size name","default":"xl, xs, ml, X, M, L","info":"Ex: xl, xs, ml"},{"type":"select","id":"size_list_limit_hanlde","label":"How Many Size Show","options":[{"label":"5","value":"5"},{"label":"6","value":"6"},{"label":"7","value":"7"},{"label":"8","value":"8"},{"label":"9","value":"9"},{"label":"10","value":"10"},{"label":"Unlimited","value":"100"}],"default":"5"},{"type":"header","content":"Color"},{"type":"text","id":"color_title","label":"Color Title","default":"Color"},{"type":"textarea","id":"color_picker","label":"Put your color name","default":"red, green, blue, white, yellow, violet, brown, black, orange, grey, pink, purple, maroon, silver, fuchsia, navy, aqua, lime, teal, magenta","info":"Ex: red, green, blue [More Color Name](https:\/\/www.w3schools.com\/colors\/colors_names.asp)"},{"type":"select","id":"colors_list_limit_hanlde","label":"How Many Color Show","options":[{"label":"5","value":"5"},{"label":"6","value":"6"},{"label":"7","value":"7"},{"label":"8","value":"8"},{"label":"9","value":"9"},{"label":"10","value":"10"},{"label":"Unlimited","value":"100"}],"default":"5"},{"type":"header","content":"Tags"},{"type":"text","id":"tags_title","label":"Tags Title","default":"Tags"},{"type":"select","id":"tags_list_limit_hanlde","label":"How Many Tags Show","options":[{"label":"5","value":"5"},{"label":"6","value":"6"},{"label":"7","value":"7"},{"label":"8","value":"8"},{"label":"9","value":"9"},{"label":"10","value":"10"},{"label":"11","value":"11"},{"label":"12","value":"12"},{"label":"13","value":"13"},{"label":"14","value":"14"},{"label":"15","value":"15"},{"label":"Unlimited","value":"100"}],"default":"15"}]},{"name":"Blog\/Article Sidebar","settings":[{"type":"header","content":"Recent Posts"},{"type":"text","id":"recent_post_title","label":"Recent Post Title","default":"Recent Post"},{"type":"select","id":"recent_product_limit_hanlde","label":"How Many Post Show","options":[{"label":"3","value":"3"},{"label":"4","value":"4"},{"label":"5","value":"5"},{"label":"6","value":"6"},{"label":"7","value":"7"},{"label":"8","value":"8"},{"label":"9","value":"9"},{"label":"10","value":"10"},{"label":"Unlimited","value":"100"}],"default":"5"},{"type":"header","content":"Archive"},{"type":"text","id":"archive_title","label":"Archive Title","default":"Archive"},{"type":"header","content":"Tags"},{"type":"text","id":"blog_tags_title","label":"Tags Title","default":"Tags"},{"type":"select","id":"blog_tags_list_limit_hanlde","label":"How Many Tags Show","options":[{"label":"10","value":"10"},{"label":"11","value":"11"},{"label":"12","value":"12"},{"label":"13","value":"13"},{"label":"14","value":"14"},{"label":"15","value":"15"},{"label":"Unlimited","value":"100"}],"default":"15"}]},{"name":"404 page","settings":[{"type":"checkbox","id":"error_404_image_enable","label":"Enable Image","default":true},{"type":"image_picker","id":"error_404_image","label":"Upload Image"},{"type":"text","id":"heading_404","label":"Heading 404","default":"Ooops.... Error 404"},{"type":"text","id":"sub_text_404","label":"Sub Text","default":"Sorry, But the page you are looking for does't exist"},{"type":"text","id":"button_title","label":"Button Text","default":"go to home page"},{"type":"url","id":"error_404_btn_url","label":"Button URL"}]},{"name":"Cart page","settings":[{"type":"checkbox","id":"cart_notes_enable","label":"Enable cart notes"},{"type":"checkbox","id":"cart_vendor_enable","label":"Show product vendor"},{"type":"select","id":"ajax_cart_method","label":"Cart type","options":[{"value":"drawer","label":"Drawer"},{"value":"page","label":"Page"}]}]},{"name":"Wishlist","settings":[{"type":"header","content":"Wishlist"},{"type":"text","id":"wishlist_empty_title","label":"Wishlist Empty Title","default":"Your wishlist is currently empty!"},{"type":"text","id":"login_request_title","label":"Login Request Title","default":"Please login your account"}]},{"name":"Product Quickview","settings":[{"type":"checkbox","id":"product_quickview_description_enable","label":"Show Product Short Description","default":true}]},{"name":"Custom Text","settings":[{"type":"header","content":"Mini Cart"},{"type":"text","id":"cart_empty_title","label":"Cart Empty Title","default":"Your cart is empty!"},{"type":"text","id":"cart_total_title","label":"Total Title","default":"Total:"},{"type":"text","id":"view_cart_title","label":"View Cart Title","default":"View Cart:"},{"type":"text","id":"checkout_title","label":"Checkout Title","default":"Checkout"}]},{"name":"Customer Page","settings":[{"type":"image_picker","id":"customer_page_bg","label":"Upload BG Image","info":"It's applicable for login, register, reset password and active account page"},{"type":"checkbox","id":"customer_page_breadcrumb_enable","label":"Customer Page Breadcrumb Banner Enable","info":"If Desabele Breadcrumb Banner then all Customer page breadcrumb banner can't show","default":false}]},{"name":"Customer Checkout","settings":[{"type":"checkbox","id":"logo_use_image","label":"Use logo For checkout Page"},{"type":"image","id":"logo.png","label":"logo"}]}]